type,time_start,time_end,score
speech_segment,0.00,0.86,
speech_segment,1.19,3.12,
speech_segment,4.31,7.67,
speech_segment,7.73,10.01,
speech_segment,10.05,11.12,
speech_segment,11.13,14.71,
speech_segment,14.72,15.54,
speech_segment,15.56,20.00,
speech_segment,19.94,20.50,
speech_segment,20.49,24.01,
speech_segment,24.06,24.64,
speech_segment,24.91,27.01,
speech_segment,27.24,27.83,
speech_segment,27.83,28.72,
speech_segment,28.70,29.35,
speech_segment,29.56,30.24,
speech_segment,30.18,31.11,
speech_segment,31.09,31.69,
speech_segment,31.62,34.02,
speech_segment,34.26,36.40,
speech_segment,36.60,42.22,
speech_segment,42.17,46.79,
speech_segment,46.75,50.58,
speech_segment,50.72,52.75,
speech_segment,52.66,58.59,
speech_segment,58.50,61.84,
speech_segment,62.06,64.53,
speech_segment,64.62,65.88,
speech_segment,67.71,74.66,
speech_segment,75.49,81.37,
speech_segment,81.31,83.04,
speech_segment,83.02,87.03,
speech_segment,87.51,89.53,
speech_segment,89.47,91.18,
speech_segment,91.44,94.17,
speech_segment,94.20,103.10,
speech_segment,103.31,104.82,
speech_segment,104.80,108.10,
speech_segment,108.22,111.52,
speech_segment,111.55,114.22,
speech_segment,114.32,121.64,
speech_segment,122.36,127.72,
speech_segment,127.65,130.84,
speech_segment,130.80,133.48,
speech_segment,133.47,135.27,
speech_segment,135.24,138.83,
speech_segment,139.21,145.59,
speech_segment,145.67,149.73,
speech_segment,150.46,154.01,
speech_segment,154.14,161.20,
speech_segment,161.40,168.42,
speech_segment,168.53,169.37,
speech_segment,169.58,174.92,
speech_segment,175.40,176.51,
speech_segment,176.48,181.67,
speech_segment,181.66,183.48,
speech_segment,183.67,184.70,
speech_segment,186.69,189.24,
speech_segment,189.51,194.14,
speech_segment,194.27,200.99,
speech_segment,201.13,202.50,
speech_segment,203.17,208.29,
speech_segment,208.34,210.51,
speech_segment,211.04,213.37,
speech_segment,213.61,219.48,
speech_segment,219.45,222.17,
speech_segment,222.14,223.84,
speech_segment,224.03,226.70,
speech_segment,227.34,231.48,
speech_segment,231.63,236.13,
speech_segment,236.19,239.46,
speech_segment,240.36,242.86,
speech_segment,243.27,245.26,
speech_segment,245.22,248.15,
speech_segment,248.25,249.64,
speech_segment,249.58,255.80,
speech_segment,255.81,259.45,
speech_segment,259.49,262.83,
speech_segment,263.50,271.71,
speech_segment,271.73,279.23,
speech_segment,291.07,291.66,
speech_segment,300.94,301.52,
speech_segment,302.68,303.27,
speech_segment,303.47,304.02,
speech_segment,306.12,306.76,
speech_segment,343.68,346.29,
speech_segment,346.35,347.27,
speech_segment,347.26,352.93,
speech_segment,353.05,354.93,
speech_segment,354.96,357.52,
speech_segment,358.35,361.57,
speech_segment,362.31,370.19,
speech_segment,370.92,373.24,
speech_segment,375.12,379.31,
speech_segment,379.55,380.30,
speech_segment,382.09,390.08,
speech_segment,390.00,393.62,
speech_segment,393.84,400.83,
speech_segment,400.94,406.91,
speech_segment,408.11,422.73,
speech_segment,422.79,426.07,
speech_segment,426.45,432.72,
speech_segment,432.76,434.21,
speech_segment,434.56,437.36,
speech_segment,438.66,439.64,
speech_segment,439.72,444.21,
speech_segment,444.95,452.50,
speech_segment,452.45,456.98,
speech_segment,456.94,460.16,
speech_segment,460.18,462.59,
speech_segment,462.52,464.28,
speech_segment,464.20,464.96,
speech_segment,464.95,466.35,
speech_segment,468.55,474.14,
speech_segment,474.25,480.26,
speech_segment,480.45,487.27,
speech_segment,487.33,488.11,
speech_segment,488.06,491.13,
speech_segment,491.42,499.97,
speech_segment,499.99,502.73,
speech_segment,502.85,505.61,
speech_segment,506.19,512.35,
speech_segment,512.96,517.42,
speech_segment,532.23,532.76,
speech_segment,553.36,553.97,
speech_segment,580.45,581.00,
speech_segment,610.85,611.38,
speech_segment,629.70,630.23,
speech_segment,636.85,637.40,
speech_segment,725.78,736.03,
speech_segment,735.99,737.99,
speech_segment,738.08,742.53,
speech_segment,742.69,745.42,
speech_segment,751.83,759.77,
speech_segment,759.89,761.17,
speech_segment,761.47,765.00,
speech_segment,769.86,773.73,
speech_segment,773.73,775.77,
speech_segment,775.71,778.44,
speech_segment,781.45,783.75,
speech_segment,783.77,784.35,
speech_segment,784.62,791.61,
speech_segment,791.57,801.54,
speech_segment,801.53,803.42,
speech_segment,803.73,819.88,
speech_segment,819.84,820.67,
speech_segment,820.67,824.27,
speech_segment,824.34,825.79,
speech_segment,826.48,830.83,
speech_segment,830.77,836.91,
speech_segment,837.09,839.47,
speech_segment,839.75,840.90,
speech_segment,840.81,843.39,
speech_segment,844.04,847.17,
speech_segment,847.08,850.46,
speech_segment,850.62,852.91,
speech_segment,853.26,854.95,
speech_segment,855.47,856.80,
speech_segment,857.25,860.30,
speech_segment,860.92,861.77,
speech_segment,862.53,865.10,
speech_segment,866.38,869.06,
speech_segment,869.12,870.68,
speech_segment,875.67,879.58,
speech_segment,879.55,890.92,
speech_segment,891.06,900.39,
speech_segment,903.08,910.42,
speech_segment,910.55,913.35,
speech_segment,913.68,918.26,
speech_segment,918.28,920.59,
speech_segment,921.21,927.54,
speech_segment,927.70,932.61,
speech_segment,933.33,939.86,
speech_segment,940.03,941.54,
speech_segment,941.69,949.38,
speech_segment,949.58,951.00,
speech_segment,951.24,954.99,
speech_segment,956.52,957.52,
speech_segment,958.79,964.98,
speech_segment,966.06,967.01,
speech_segment,966.98,968.21,
speech_segment,968.46,969.99,
speech_segment,971.35,972.13,
speech_segment,972.41,974.74,
speech_segment,974.78,977.88,
speech_segment,978.35,983.55,
speech_segment,985.05,986.69,
speech_segment,987.00,988.72,
speech_segment,989.32,1000.92,
speech_segment,1000.83,1007.93,
speech_segment,1008.35,1018.21,
speech_segment,1021.61,1026.00,
speech_segment,1026.36,1029.81,
speech_segment,1030.54,1032.28,
speech_segment,1032.41,1034.28,
speech_segment,1034.95,1040.89,
speech_segment,1041.29,1044.30,
speech_segment,1044.75,1047.80,
speech_segment,1049.64,1051.38,
speech_segment,1055.92,1059.50,
speech_segment,1059.57,1061.27,
speech_segment,1061.57,1063.69,
speech_segment,1065.91,1068.87,
speech_segment,1070.21,1075.06,
speech_segment,1075.01,1078.25,
speech_segment,1078.22,1080.12,
speech_segment,1080.11,1082.04,
speech_segment,1082.08,1083.34,
speech_segment,1084.74,1090.08,
speech_segment,1091.61,1096.16,
speech_segment,1096.52,1100.06,
speech_segment,1100.13,1101.20,
speech_segment,1101.53,1106.68,
speech_segment,1106.95,1110.00,
speech_segment,1110.23,1113.98,
speech_segment,1113.90,1124.58,
speech_segment,1124.57,1129.97,
speech_segment,1129.97,1132.21,
speech_segment,1132.18,1133.76,
speech_segment,1135.83,1137.40,
speech_segment,1137.38,1139.62,
speech_segment,1140.32,1145.72,
speech_segment,1145.94,1152.38,
speech_segment,1152.32,1153.73,
speech_segment,1153.64,1156.48,
speech_segment,1156.48,1158.79,
speech_segment,1158.94,1163.24,
speech_segment,1163.46,1166.44,
speech_segment,1166.56,1169.33,
speech_segment,1169.58,1173.28,
speech_segment,1173.43,1180.78,
speech_segment,1180.81,1183.05,
speech_segment,1182.99,1184.07,
speech_segment,1184.24,1190.35,
speech_segment,1190.30,1193.65,
speech_segment,1193.59,1199.87,
speech_segment,1199.79,1201.70,
speech_segment,1201.72,1203.75,
speech_segment,1205.81,1209.78,
speech_segment,1209.75,1222.36,
speech_segment,1222.40,1224.72,
speech_segment,1225.55,1230.95,
speech_segment,1232.32,1250.47,
speech_segment,1250.93,1255.62,
speech_segment,1255.74,1264.51,
speech_segment,1264.50,1280.74,
speech_segment,1280.89,1285.16,
speech_segment,1285.15,1288.37,
speech_segment,1288.35,1290.53,
speech_segment,1290.46,1295.34,
speech_segment,1295.31,1303.15,
speech_segment,1303.54,1306.94,
speech_segment,1306.89,1308.74,
speech_segment,1308.74,1315.55,
speech_segment,1315.60,1325.39,
speech_segment,1325.32,1326.50,
speech_segment,1326.40,1334.11,
speech_segment,1334.20,1338.02,
speech_segment,1339.16,1347.81,
speech_segment,1348.26,1349.91,
speech_segment,1349.92,1357.42,
speech_segment,1357.63,1361.73,
speech_segment,1361.90,1369.12,
speech_segment,1369.19,1371.23,
speech_segment,1371.67,1372.60,
speech_segment,1372.70,1374.05,
speech_segment,1374.81,1384.49,
speech_segment,1385.05,1386.12,
speech_segment,1386.15,1391.87,
speech_segment,1392.23,1393.75,
speech_segment,1394.95,1397.10,
speech_segment,1397.32,1404.46,
speech_segment,1404.44,1409.50,
speech_segment,1409.47,1411.15,
speech_segment,1411.67,1414.61,
speech_segment,1415.04,1416.28,
speech_segment,1416.29,1424.73,
speech_segment,1424.73,1426.07,
speech_segment,1426.06,1434.54,
speech_segment,1434.55,1439.18,
speech_segment,1439.19,1446.92,
speech_segment,1451.17,1454.22,
speech_segment,1454.17,1456.68,
speech_segment,1456.92,1461.75,
speech_segment,1463.37,1465.73,
speech_segment,1467.04,1481.33,
speech_segment,1481.32,1487.55,
speech_segment,1487.95,1489.84,
speech_segment,1490.42,1496.12,
speech_segment,1496.04,1508.12,
speech_segment,1508.19,1513.89,
speech_segment,1513.85,1514.86,
speech_segment,1514.92,1518.49,
speech_segment,1518.42,1519.73,
speech_segment,1520.73,1525.13,
speech_segment,1525.26,1528.85,
speech_segment,1529.04,1533.09,
speech_segment,1534.12,1537.95,
speech_segment,1537.91,1540.85,
speech_segment,1542.50,1546.08,
speech_segment,1546.15,1550.99,
speech_segment,1552.81,1556.27,
speech_segment,1556.45,1564.42,
speech_segment,1564.43,1566.74,
speech_segment,1566.80,1568.94,
speech_segment,1569.08,1573.51,
speech_segment,1573.62,1578.77,
speech_segment,1578.69,1581.97,
speech_segment,1582.25,1585.46,
speech_segment,1585.45,1586.70,
speech_segment,1587.15,1591.54,
speech_segment,1591.63,1593.87,
speech_segment,1594.33,1597.32,
speech_segment,1597.36,1602.75,
speech_segment,1602.95,1606.25,
speech_segment,1607.42,1608.43,
speech_segment,1608.96,1611.37,
speech_segment,1611.47,1613.40,
speech_segment,1613.87,1616.02,
speech_segment,1617.85,1623.55,
speech_segment,1623.47,1639.82,
speech_segment,1639.82,1646.29,
speech_segment,1646.23,1649.28,
speech_segment,1649.36,1650.35,
speech_segment,1650.30,1664.09,
speech_segment,1664.67,1668.80,
speech_segment,1668.83,1672.03,
speech_segment,1672.54,1675.58,
speech_segment,1677.55,1682.46,
speech_segment,1682.89,1684.06,
speech_segment,1684.21,1689.35,
speech_segment,1689.26,1691.26,
speech_segment,1691.23,1694.23,
speech_segment,1694.14,1696.75,
speech_segment,1696.77,1732.79,
speech_segment,1732.91,1738.83,
speech_segment,1741.34,1743.00,
speech_segment,1742.97,1744.20,
speech_segment,1744.12,1751.32,
speech_segment,1751.59,1752.59,
speech_segment,1752.95,1755.73,
speech_segment,1755.93,1783.76,
speech_segment,1783.71,1786.78,
speech_segment,1786.86,1791.71,
speech_segment,1792.35,1800.20,
speech_segment,1800.12,1801.24,
speech_segment,1801.91,1804.01,
speech_segment,1805.45,1808.83,
speech_segment,1808.88,1812.93,
speech_segment,1815.04,1816.02,
speech_segment,1816.72,1820.64,
speech_segment,1821.03,1824.74,
speech_segment,1824.95,1826.97,
speech_segment,1827.34,1834.20,
speech_segment,1834.54,1839.65,
speech_segment,1915.40,1916.09,
speech_segment,1916.77,1917.91,
speech_segment,1918.17,1919.88,
speech_segment,1922.95,1925.45,
speech_segment,1925.41,1926.84,
speech_segment,1927.64,1931.28,
speech_segment,1931.37,1933.24,
speech_segment,1964.43,1964.98,
speech_segment,1966.06,1969.12,
speech_segment,1972.07,1974.15,
speech_segment,1974.50,1975.43,
speech_segment,1976.37,1977.12,
speech_segment,1977.75,1978.30,
speech_segment,1988.66,1989.24,
speech_segment,1991.50,1992.95,
speech_segment,1995.54,1996.09,
speech_segment,1999.37,2000.22,
speech_segment,2002.62,2007.01,
speech_segment,2007.15,2011.42,
speech_segment,2011.58,2014.88,
speech_segment,2019.32,2027.60,
speech_segment,2027.76,2032.75,
speech_segment,2033.95,2038.19,
speech_segment,2038.45,2040.78,
speech_segment,2041.76,2043.93,
speech_segment,2043.88,2051.43,
speech_segment,2051.40,2053.94,
speech_segment,2053.86,2055.22,
speech_segment,2055.14,2057.10,
speech_segment,2068.71,2070.15,
speech_segment,2070.74,2075.15,
speech_segment,2075.38,2076.28,
speech_segment,2076.26,2078.15,
speech_segment,2078.26,2079.66,
speech_segment,2080.42,2088.29,
speech_segment,2089.40,2092.99,
speech_segment,2093.07,2098.21,
speech_segment,2100.31,2102.09,
speech_segment,2102.22,2103.68,
speech_segment,2104.47,2106.03,
speech_segment,2108.86,2111.32,
speech_segment,2111.52,2117.63,
speech_segment,2117.62,2119.88,
speech_segment,2120.36,2122.36,
speech_segment,2122.83,2126.98,
speech_segment,2127.04,2130.54,
speech_segment,2130.45,2140.89,
speech_segment,2141.29,2143.70,
speech_segment,2144.20,2146.59,
speech_segment,2147.22,2148.92,
speech_segment,2149.27,2151.19,
speech_segment,2151.88,2155.89,
speech_segment,2155.81,2157.63,
speech_segment,2157.60,2161.34,
speech_segment,2161.60,2169.74,
speech_segment,2173.50,2178.25,
speech_segment,2178.72,2180.47,
speech_segment,2188.77,2189.80,
speech_segment,2189.84,2191.06,
speech_segment,2193.71,2198.23,
speech_segment,2198.16,2199.57,
speech_segment,2217.99,2227.59,
speech_segment,2228.67,2231.73,
speech_segment,2232.35,2235.08,
speech_segment,2235.56,2236.61,
speech_segment,2237.07,2238.16,
speech_segment,2238.77,2241.06,
speech_segment,2241.67,2245.12,
speech_segment,2245.22,2246.89,
speech_segment,2248.32,2254.73,
speech_segment,2255.65,2257.47,
speech_segment,2258.07,2260.33,
speech_segment,2261.83,2263.58,
speech_segment,2264.87,2267.70,
speech_segment,2268.32,2271.80,
speech_segment,2272.04,2274.22,
speech_segment,2274.24,2275.93,
speech_segment,2276.42,2280.00,
speech_segment,2279.93,2281.12,
speech_segment,2281.23,2285.53,
speech_segment,2286.23,2289.73,
speech_segment,2290.68,2292.35,
speech_segment,2292.31,2302.88,
speech_segment,2302.92,2305.84,
speech_segment,2305.95,2310.06,
speech_segment,2312.45,2319.95,
speech_segment,2319.95,2322.99,
speech_segment,2323.28,2324.16,
speech_segment,2324.10,2325.18,
speech_segment,2325.56,2331.66,
speech_segment,2333.20,2345.57,
speech_segment,2348.63,2355.13,
speech_segment,2356.11,2358.58,
speech_segment,2358.65,2360.84,
speech_segment,2360.86,2363.37,
speech_segment,2364.17,2365.62,
speech_segment,2365.66,2367.06,
speech_segment,2367.05,2369.09,
speech_segment,2369.80,2373.16,
speech_segment,2378.03,2383.32,
speech_segment,2383.35,2384.80,
speech_segment,2395.14,2400.07,
speech_segment,2400.05,2401.55,
speech_segment,2401.54,2402.85,
speech_segment,2402.99,2409.57,
speech_segment,2409.76,2413.48,
speech_segment,2415.62,2419.77,
speech_segment,2420.09,2421.33,
speech_segment,2421.74,2423.76,
speech_segment,2424.20,2426.80,
speech_segment,2426.82,2428.42,
speech_segment,2428.67,2439.39,
speech_segment,2439.32,2444.90,
speech_segment,2445.12,2446.63,
speech_segment,2446.69,2449.62,
speech_segment,2450.30,2451.61,
speech_segment,2451.68,2453.63,
speech_segment,2453.79,2455.60,
speech_segment,2456.51,2459.04,
speech_segment,2459.85,2463.08,
speech_segment,2463.94,2465.65,
speech_segment,2465.83,2470.57,
speech_segment,2470.66,2472.58,
speech_segment,2473.18,2485.47,
speech_segment,2485.54,2492.30,
speech_segment,2492.59,2496.27,
speech_segment,2497.49,2499.88,
speech_segment,2500.18,2504.49,
speech_segment,2504.93,2506.66,
speech_segment,2506.93,2508.58,
speech_segment,2508.51,2512.62,
speech_segment,2512.56,2516.58,
speech_segment,2516.63,2518.91,
speech_segment,2519.17,2522.66,
speech_segment,2522.57,2539.41,
speech_segment,2540.09,2541.85,
speech_segment,2542.41,2543.31,
speech_segment,2544.48,2549.52,
speech_segment,2549.50,2553.44,
speech_segment,2586.52,2587.12,
speech_segment,2761.45,2762.82,
speech_segment,2769.31,2769.88,
speech_segment,2773.29,2773.92,
speech_segment,2802.48,2803.06,
speech_segment,2900.30,2900.98,
speech_segment,2918.52,2919.09,
speech_segment,2985.68,2986.22,
speech_segment,2998.76,2999.34,
speech_segment,3001.06,3002.39,
speech_segment,3002.39,3002.92,
speech_segment,3002.82,3003.38,
speech_segment,3003.34,3003.90,
speech_segment,3008.77,3009.33,
speech_segment,3067.75,3068.37,
speech_segment,3072.19,3072.80,
speech_segment,3073.09,3073.64,
speech_segment,3123.69,3130.09,
speech_segment,3130.16,3135.12,
speech_segment,3135.03,3144.04,
speech_segment,3144.10,3149.35,
speech_segment,3149.70,3153.88,
speech_segment,3153.97,3159.63,
speech_segment,3159.66,3162.61,
speech_segment,3162.69,3164.79,
speech_segment,3165.08,3172.06,
speech_segment,3172.03,3176.55,
speech_segment,3176.79,3178.61,
speech_segment,3178.94,3180.86,
speech_segment,3180.89,3184.28,
speech_segment,3184.24,3186.62,
speech_segment,3186.66,3188.14,
speech_segment,3188.24,3193.27,
speech_segment,3193.72,3198.46,
speech_segment,3198.73,3202.17,
speech_segment,3202.19,3206.25,
speech_segment,3206.28,3209.91,
speech_segment,3209.81,3213.11,
speech_segment,3213.15,3217.55,
speech_segment,3217.66,3219.23,
speech_segment,3220.08,3223.81,
speech_segment,3223.81,3226.12,
speech_segment,3226.15,3228.20,
speech_segment,3228.53,3231.28,
speech_segment,3231.90,3233.24,
speech_segment,3233.36,3236.04,
speech_segment,3236.39,3238.35,
speech_segment,3239.31,3240.50,
speech_segment,3240.54,3242.76,
speech_segment,3243.01,3244.51,
speech_segment,3244.86,3247.43,
speech_segment,3248.25,3249.74,
speech_segment,3250.48,3256.38,
speech_segment,3256.45,3260.16,
speech_segment,3260.37,3264.29,
speech_segment,3264.27,3267.67,
speech_segment,3267.95,3270.57,
speech_segment,3270.53,3277.08,
speech_segment,3277.21,3281.57,
speech_segment,3281.73,3285.05,
speech_segment,3285.00,3288.62,
speech_segment,3289.22,3290.18,
speech_segment,3290.23,3292.22,
speech_segment,3292.21,3295.93,
speech_segment,3296.16,3297.79,
speech_segment,3297.83,3299.75,
speech_segment,3301.86,3305.47,
speech_segment,3306.90,3310.64,
speech_segment,3311.02,3314.51,
speech_segment,3315.06,3316.83,
speech_segment,3317.64,3320.26,
speech_segment,3321.40,3325.04,
speech_segment,3325.22,3327.46,
speech_segment,3327.45,3328.73,
speech_segment,3328.83,3330.40,
speech_segment,3330.54,3332.85,
speech_segment,3333.14,3335.66,
speech_segment,3335.70,3336.69,
speech_segment,3337.62,3341.27,
speech_segment,3342.83,3345.84,
speech_segment,3345.78,3350.29,
speech_segment,3350.36,3352.11,
speech_segment,3353.66,3354.67,
speech_segment,3354.72,3356.34,
speech_segment,3356.71,3358.29,
speech_segment,3359.36,3363.22,
speech_segment,3365.06,3366.44,
speech_segment,3368.85,3369.96,
speech_segment,3369.98,3372.02,
speech_segment,3373.58,3376.04,
speech_segment,3376.39,3379.46,
speech_segment,3380.02,3381.85,
speech_segment,3381.85,3383.94,
speech_segment,3385.56,3388.79,
speech_segment,3390.69,3395.03,
speech_segment,3395.00,3396.88,
speech_segment,3397.07,3400.61,
speech_segment,3401.19,3403.07,
speech_segment,3403.17,3408.20,
speech_segment,3408.17,3414.31,
speech_segment,3414.49,3416.02,
speech_segment,3417.64,3418.57,
speech_segment,3418.96,3422.54,
speech_segment,3422.57,3426.18,
speech_segment,3426.93,3428.81,
speech_segment,3428.78,3432.07,
speech_segment,3432.52,3440.16,
speech_segment,3440.07,3441.95,
speech_segment,3441.90,3447.40,
speech_segment,3447.39,3450.00,
speech_segment,3450.67,3453.09,
speech_segment,3453.74,3462.80,
speech_segment,3462.75,3466.28,
speech_segment,3466.34,3470.48,
speech_segment,3470.41,3477.92,
speech_segment,3478.49,3483.06,
speech_segment,3483.41,3485.36,
speech_segment,3486.46,3489.49,
speech_segment,3489.40,3490.83,
speech_segment,3491.48,3492.93,
speech_segment,3493.53,3496.83,
speech_segment,3497.77,3499.74,
speech_segment,3499.77,3502.45,
speech_segment,3502.53,3504.20,
speech_segment,3504.13,3508.32,
speech_segment,3509.21,3511.41,
speech_segment,3511.82,3514.77,
speech_segment,3515.39,3516.96,
speech_segment,3516.96,3518.97,
speech_segment,3519.10,3522.81,
speech_segment,3523.01,3526.55,
speech_segment,3526.81,3528.62,
speech_segment,3528.70,3531.98,
speech_segment,3532.40,3535.15,
speech_segment,3536.97,3539.49,
speech_segment,3539.41,3540.91,
speech_segment,3540.82,3545.52,
speech_segment,3546.36,3554.19,
speech_segment,3554.93,3559.70,
speech_segment,3559.62,3564.56,
speech_segment,3564.69,3567.69,
speech_segment,3567.80,3572.57,
speech_segment,3572.64,3578.54,
speech_segment,3578.46,3581.18,
speech_segment,3581.12,3583.47,
speech_segment,3583.45,3585.64,
speech_segment,3585.58,3588.90,
speech_segment,3589.69,3591.56,
speech_segment,3591.50,3595.04,
speech_segment,3604.90,3605.46,
speech_segment,3608.93,3609.52,
speech_segment,3609.71,3610.28,
speech_segment,3612.38,3619.94,
speech_segment,3620.37,3622.20,
speech_segment,3623.03,3627.56,
speech_segment,3627.91,3631.76,
speech_segment,3632.51,3634.01,
speech_segment,3633.92,3641.21,
speech_segment,3641.24,3648.82,
speech_segment,3648.86,3650.07,
speech_segment,3650.62,3651.96,
speech_segment,3653.87,3654.73,
speech_segment,3654.64,3659.72,
speech_segment,3659.68,3662.38,
speech_segment,3662.30,3668.83,
speech_segment,3668.77,3673.05,
speech_segment,3675.04,3678.42,
speech_segment,3678.46,3685.65,
speech_segment,3685.58,3687.19,
speech_segment,3687.49,3688.87,
speech_segment,3688.90,3690.62,
speech_segment,3690.56,3691.61,
speech_segment,3691.54,3694.36,
speech_segment,3695.33,3702.90,
speech_segment,3702.81,3706.15,
speech_segment,3709.58,3710.34,
speech_segment,3710.49,3711.38,
speech_segment,3714.29,3714.99,
speech_segment,3715.95,3720.19,
speech_segment,3720.17,3724.88,
speech_segment,3724.99,3725.53,
speech_segment,3729.10,3735.41,
speech_segment,3735.46,3736.78,
speech_segment,3736.78,3738.53,
speech_segment,3740.49,3744.54,
speech_segment,3744.83,3747.67,
speech_segment,3747.66,3749.55,
speech_segment,3753.35,3757.53,
speech_segment,3757.77,3759.48,
speech_segment,3759.51,3761.23,
speech_segment,3762.29,3767.49,
speech_segment,3768.28,3769.35,
speech_segment,3769.94,3773.92,
speech_segment,3776.44,3778.75,
speech_segment,3781.09,3784.50,
speech_segment,3784.42,3790.05,
speech_segment,3791.92,3792.81,
speech_segment,3792.83,3796.05,
speech_segment,3796.03,3800.66,
speech_segment,3800.76,3805.40,
speech_segment,3806.52,3807.58,
speech_segment,3807.54,3811.78,
speech_segment,3811.76,3816.62,
speech_segment,3816.73,3818.95,
speech_segment,3819.57,3822.70,
speech_segment,3825.00,3826.09,
speech_segment,3827.12,3829.02,
speech_segment,3830.54,3834.12,
speech_segment,3838.30,3839.60,
speech_segment,3844.23,3846.43,
speech_segment,3847.24,3850.27,
speech_segment,3851.28,3859.71,
speech_segment,3859.73,3861.64,
speech_segment,3863.87,3867.49,
speech_segment,3867.64,3874.68,
speech_segment,3875.43,3877.88,
speech_segment,3881.18,3882.84,
speech_segment,3883.56,3884.72,
speech_segment,3884.75,3891.22,
speech_segment,3892.59,3897.81,
speech_segment,3898.02,3900.74,
speech_segment,3901.46,3906.96,
speech_segment,3907.26,3910.46,
speech_segment,3910.56,3912.69,
speech_segment,3913.20,3918.36,
speech_segment,3918.77,3924.66,
speech_segment,3924.57,3927.49,
speech_segment,3927.57,3928.93,
speech_segment,3930.90,3933.60,
speech_segment,3934.42,3939.00,
speech_segment,3940.23,3945.95,
speech_segment,3948.38,3949.91,
speech_segment,3949.85,3951.14,
speech_segment,3957.33,3964.54,
speech_segment,3965.14,3968.13,
speech_segment,3968.32,3971.81,
speech_segment,3972.54,3976.03,
speech_segment,3976.34,3979.12,
speech_segment,3979.23,3982.00,
speech_segment,3985.65,3992.86,
speech_segment,3992.98,3994.23,
speech_segment,3994.76,4002.18,
speech_segment,4003.49,4010.18,
speech_segment,4010.42,4016.94,
speech_segment,4017.21,4027.81,
speech_segment,4027.79,4038.34,
speech_segment,4041.42,4048.21,
speech_segment,4048.39,4059.13,
speech_segment,4059.18,4068.16,
speech_segment,4068.31,4069.30,
speech_segment,4069.47,4073.66,
speech_segment,4073.93,4075.29,
speech_segment,4075.40,4079.16,
speech_segment,4079.19,4080.01,
speech_segment,4080.14,4081.83,
speech_segment,4081.85,4082.66,
speech_segment,4082.72,4083.96,
speech_segment,4084.50,4085.68,
speech_segment,4085.67,4087.89,
speech_segment,4087.92,4095.85,
speech_segment,4098.07,4099.66,
speech_segment,4100.14,4100.98,
speech_segment,4100.96,4102.07,
speech_segment,4102.18,4105.17,
speech_segment,4105.48,4112.40,
speech_segment,4112.35,4113.84,
speech_segment,4114.31,4115.35,
speech_segment,4116.21,4130.83,
speech_segment,4130.82,4132.70,
speech_segment,4133.11,4139.16,
speech_segment,4139.26,4141.96,
speech_segment,4141.89,4149.73,
speech_segment,4149.74,4152.50,
speech_segment,4152.58,4154.68,
speech_segment,4158.40,4162.71,
speech_segment,4162.84,4164.06,
speech_segment,4164.13,4175.86,
speech_segment,4177.90,4181.14,
speech_segment,4181.75,4189.66,
speech_segment,4190.30,4194.55,
speech_segment,4194.52,4197.73,
speech_segment,4197.80,4199.89,
speech_segment,4199.89,4201.73,
speech_segment,4202.00,4202.96,
speech_segment,4203.00,4204.50,
speech_segment,4204.42,4206.39,
speech_segment,4206.91,4208.30,
speech_segment,4209.10,4211.48,
speech_segment,4211.67,4213.12,
speech_segment,4213.13,4218.89,
speech_segment,4219.94,4223.46,
speech_segment,4223.65,4228.04,
speech_segment,4228.55,4230.69,
speech_segment,4232.17,4233.35,
speech_segment,4234.40,4236.06,
speech_segment,4237.66,4239.80,
speech_segment,4240.01,4242.49,
speech_segment,4242.48,4245.00,
speech_segment,4245.54,4249.40,
speech_segment,4249.98,4251.79,
speech_segment,4251.98,4253.49,
speech_segment,4258.46,4261.08,
speech_segment,4261.21,4269.33,
speech_segment,4271.68,4272.55,
speech_segment,4273.25,4274.65,
speech_segment,4276.99,4277.90,
speech_segment,4278.99,4285.28,
speech_segment,4285.79,4288.33,
speech_segment,4288.83,4291.65,
speech_segment,4293.49,4297.19,
speech_segment,4297.75,4304.79,
speech_segment,4306.62,4312.18,
speech_segment,4312.23,4315.81,
speech_segment,4317.24,4321.39,
speech_segment,4327.13,4329.21,
speech_segment,4329.90,4332.55,
speech_segment,4333.51,4337.92,
speech_segment,4338.21,4344.12,
speech_segment,4344.21,4354.79,
speech_segment,4354.70,4358.75,
speech_segment,4358.69,4369.06,
speech_segment,4369.05,4370.51,
speech_segment,4371.71,4378.87,
speech_segment,4379.15,4382.85,
speech_segment,4382.80,4385.19,
speech_segment,4385.45,4387.48,
speech_segment,4387.44,4395.58,
speech_segment,4395.93,4400.86,
speech_segment,4401.22,4402.01,
speech_segment,4402.17,4418.73,
speech_segment,4422.94,4425.95,
speech_segment,4426.43,4431.88,
speech_segment,4432.90,4436.66,
speech_segment,4436.70,4441.22,
speech_segment,4441.55,4446.19,
speech_segment,4446.13,4448.54,
speech_segment,4449.24,4450.34,
speech_segment,4450.56,4456.27,
speech_segment,4456.24,4462.34,
speech_segment,4462.88,4464.71,
speech_segment,4464.83,4465.74,
speech_segment,4465.71,4469.60,
speech_segment,4469.59,4472.35,
speech_segment,4472.39,4478.75,
speech_segment,4479.43,4481.41,
speech_segment,4481.48,4482.50,
speech_segment,4482.75,4485.08,
speech_segment,4485.15,4490.13,
speech_segment,4491.20,4497.80,
speech_segment,4501.39,4504.71,
speech_segment,4507.09,4510.01,
speech_segment,4511.28,4516.14,
speech_segment,4520.28,4521.64,
speech_segment,4526.06,4526.59,
speech_segment,4528.46,4530.40,
speech_segment,4533.14,4535.12,
speech_segment,4539.23,4542.68,
speech_segment,4542.85,4545.25,
speech_segment,4545.48,4547.76,
speech_segment,4547.85,4553.36,
speech_segment,4553.29,4556.37,
speech_segment,4557.53,4561.07,
speech_segment,4561.21,4565.20,
speech_segment,4565.23,4567.38,
speech_segment,4567.74,4572.45,
speech_segment,4572.46,4575.49,
speech_segment,4575.89,4579.02,
speech_segment,4580.24,4582.62,
speech_segment,4583.56,4585.78,
speech_segment,4586.77,4590.88,
speech_segment,4590.92,4592.24,
speech_segment,4592.33,4594.29,
speech_segment,4595.71,4597.21,
speech_segment,4597.38,4598.84,
speech_segment,4603.82,4610.34,
speech_segment,4610.30,4614.07,
speech_segment,4614.23,4616.21,
speech_segment,4616.21,4618.24,
speech_segment,4619.36,4620.24,
speech_segment,4622.98,4624.05,
speech_segment,4623.97,4629.02,
speech_segment,4629.27,4630.93,
speech_segment,4631.21,4633.77,
speech_segment,4634.10,4638.19,
speech_segment,4638.20,4643.09,
speech_segment,4643.23,4647.69,
speech_segment,4647.72,4652.93,
speech_segment,4652.84,4656.59,
speech_segment,4656.51,4660.43,
speech_segment,4660.48,4664.77,
speech_segment,4664.86,4671.70,
speech_segment,4671.62,4675.66,
speech_segment,4675.92,4681.25,
speech_segment,4684.47,4687.08,
speech_segment,4687.39,4688.69,
speech_segment,4689.90,4691.41,
speech_segment,4691.69,4692.76,
speech_segment,4692.70,4695.97,
speech_segment,4697.45,4700.26,
speech_segment,4715.77,4716.33,
speech_segment,4720.02,4720.88,
speech_segment,4726.27,4729.18,
speech_segment,4729.25,4730.80,
speech_segment,4731.19,4732.10,
speech_segment,4732.10,4733.44,
speech_segment,4733.88,4735.37,
speech_segment,4736.28,4736.92,
speech_segment,4737.72,4744.06,
speech_segment,4744.06,4746.77,
speech_segment,4747.70,4749.95,
speech_segment,4752.06,4756.66,
speech_segment,4758.32,4762.44,
speech_segment,4762.36,4766.63,
speech_segment,4766.77,4767.76,
speech_segment,4794.19,4794.73,
speech_segment,4799.39,4801.23,
speech_segment,4801.83,4803.55,
speech_segment,4804.69,4806.21,
speech_segment,4806.25,4811.42,
speech_segment,4811.36,4815.35,
speech_segment,4815.70,4822.00,
speech_segment,4822.30,4824.26,
speech_segment,4824.35,4826.17,
speech_segment,4826.84,4828.12,
speech_segment,4828.14,4829.19,
speech_segment,4829.43,4830.76,
speech_segment,4830.69,4833.02,
speech_segment,4833.33,4836.28,
speech_segment,4837.11,4841.39,
speech_segment,4841.32,4844.13,
speech_segment,4844.96,4846.55,
speech_segment,4847.65,4854.07,
speech_segment,4854.11,4854.92,
speech_segment,4854.93,4857.09,
speech_segment,4858.58,4860.79,
speech_segment,4863.66,4869.10,
speech_segment,4869.26,4871.20,
speech_segment,4871.14,4873.37,
speech_segment,4873.75,4882.59,
speech_segment,4883.51,4886.67,
speech_segment,4886.68,4891.99,
speech_segment,4892.03,4893.46,
speech_segment,4894.18,4898.02,
speech_segment,4898.28,4899.65,
speech_segment,4899.70,4909.67,
speech_segment,4910.15,4916.31,
speech_segment,4919.01,4923.76,
speech_segment,4923.80,4927.98,
speech_segment,4931.15,4941.65,
speech_segment,4943.51,4949.62,
speech_segment,4956.29,4961.35,
speech_segment,4972.20,4976.05,
speech_segment,4977.61,4979.72,
speech_segment,4980.55,4983.42,
speech_segment,4984.96,4987.77,
speech_segment,4988.15,4992.27,
speech_segment,4993.07,4995.29,
speech_segment,4999.10,5002.65,
speech_segment,5006.52,5009.39,
speech_segment,5012.12,5016.56,
speech_segment,5016.83,5021.02,
speech_segment,5021.33,5022.40,
speech_segment,5022.86,5025.88,
speech_segment,5026.04,5028.90,
speech_segment,5029.22,5035.89,
speech_segment,5036.07,5040.05,
speech_segment,5040.18,5042.56,
speech_segment,5043.82,5046.16,
speech_segment,5047.03,5048.21,
speech_segment,5048.32,5053.00,
speech_segment,5057.34,5061.18,
speech_segment,5062.38,5068.18,
speech_segment,5068.82,5077.11,
speech_segment,5081.65,5085.32,
speech_segment,5088.84,5091.34,
speech_segment,5091.73,5094.94,
speech_segment,5096.69,5102.76,
speech_segment,5102.85,5106.22,
speech_segment,5106.74,5108.25,
speech_segment,5111.24,5116.05,
speech_segment,5118.58,5122.17,
speech_segment,5125.45,5133.07,
speech_segment,5133.60,5136.18,
speech_segment,5145.10,5147.58,
speech_segment,5149.74,5151.70,
speech_segment,5154.45,5157.61,
speech_segment,5159.45,5163.42,
speech_segment,5163.98,5166.40,
speech_segment,5166.32,5170.96,
speech_segment,5171.32,5178.96,
speech_segment,5178.90,5183.26,
speech_segment,5183.59,5185.46,
speech_segment,5185.93,5190.34,
speech_segment,5190.32,5194.04,
speech_segment,5193.98,5195.33,
speech_segment,5195.39,5197.40,
speech_segment,5198.17,5201.72,
speech_segment,5202.92,5206.18,
speech_segment,5206.98,5210.74,
speech_segment,5210.99,5217.27,
speech_segment,5218.05,5225.32,
speech_segment,5226.61,5229.77,
speech_segment,5229.84,5231.71,
speech_segment,5232.47,5234.45,
speech_segment,5235.08,5240.22,
speech_segment,5240.18,5242.77,
speech_segment,5243.40,5245.77,
speech_segment,5246.25,5249.93,
speech_segment,5251.49,5256.69,
speech_segment,5256.94,5259.83,
speech_segment,5260.20,5263.14,
speech_segment,5263.98,5264.77,
speech_segment,5264.91,5271.90,
speech_segment,5271.87,5275.53,
speech_segment,5275.52,5277.13,
speech_segment,5277.09,5283.83,
speech_segment,5284.23,5285.63,
speech_segment,5285.61,5291.35,
speech_segment,5331.69,5332.25,
speech_segment,5382.95,5383.49,
speech_segment,5563.00,5563.55,
speech_segment,5570.61,5571.19,
speech_segment,5739.53,5740.12,
speech_segment,5800.07,5800.68,
speech_segment,5813.96,5821.45,
speech_segment,5821.42,5822.33,
speech_segment,5822.57,5831.89,
speech_segment,5831.98,5834.27,
speech_segment,5834.20,5837.80,
speech_segment,5837.74,5839.11,
speech_segment,5840.15,5843.15,
speech_segment,5843.48,5848.24,
speech_segment,5848.57,5855.01,
speech_segment,5855.27,5862.27,
speech_segment,5862.96,5865.60,
speech_segment,5866.19,5867.15,
speech_segment,5867.41,5869.85,
speech_segment,5869.99,5876.66,
speech_segment,5878.62,5883.33,
speech_segment,5883.42,5886.46,
speech_segment,5887.16,5890.06,
speech_segment,5890.20,5898.74,
speech_segment,5899.40,5902.12,
speech_segment,5902.09,5907.71,
speech_segment,5907.99,5912.00,
speech_segment,5912.12,5919.12,
speech_segment,5919.19,5923.24,
speech_segment,5923.81,5934.42,
speech_segment,5934.50,5938.86,
speech_segment,5939.27,5946.22,
speech_segment,5946.32,5949.23,
speech_segment,5949.26,5956.57,
speech_segment,5956.60,5963.55,
speech_segment,5963.57,5966.69,
speech_segment,5967.71,5968.70,
speech_segment,5968.65,5975.69,
speech_segment,5976.02,5979.51,
speech_segment,5979.51,5981.01,
speech_segment,5982.07,5988.53,
speech_segment,5988.59,5990.41,
speech_segment,5991.12,5993.61,
speech_segment,5993.80,5997.42,
speech_segment,5997.51,5999.94,
speech_segment,6000.46,6007.48,
speech_segment,6007.57,6009.13,
speech_segment,6009.82,6011.75,
speech_segment,6014.62,6020.90,
speech_segment,6021.16,6022.46,
speech_segment,6023.61,6028.38,
speech_segment,6028.33,6032.22,
speech_segment,6032.36,6036.94,
speech_segment,6037.15,6038.64,
speech_segment,6041.10,6042.38,
speech_segment,6042.39,6045.39,
speech_segment,6045.38,6048.05,
speech_segment,6048.65,6052.73,
speech_segment,6054.07,6055.69,
speech_segment,6056.22,6058.90,
speech_segment,6059.16,6060.51,
speech_segment,6060.83,6062.89,
speech_segment,6063.29,6066.71,
speech_segment,6068.96,6072.60,
speech_segment,6078.43,6081.78,
speech_segment,6082.48,6085.61,
speech_segment,6086.63,6088.75,
speech_segment,6088.92,6090.81,
speech_segment,6092.43,6094.28,
speech_segment,6096.30,6100.39,
speech_segment,6100.55,6102.13,
speech_segment,6102.73,6108.56,
speech_segment,6108.95,6110.75,
speech_segment,6111.66,6113.14,
speech_segment,6113.77,6117.64,
speech_segment,6117.76,6119.56,
speech_segment,6119.60,6121.98,
speech_segment,6122.48,6125.48,
speech_segment,6125.60,6128.54,
speech_segment,6128.56,6131.21,
speech_segment,6132.71,6135.56,
speech_segment,6135.70,6139.11,
speech_segment,6139.06,6143.42,
speech_segment,6144.17,6148.94,
speech_segment,6149.76,6154.60,
speech_segment,6154.51,6159.64,
speech_segment,6160.31,6161.36,
speech_segment,6161.71,6164.38,
speech_segment,6165.07,6168.72,
speech_segment,6169.16,6173.20,
speech_segment,6173.44,6176.07,
speech_segment,6175.99,6177.79,
speech_segment,6177.85,6180.90,
speech_segment,6184.33,6186.84,
speech_segment,6187.12,6189.20,
speech_segment,6192.90,6195.47,
speech_segment,6195.51,6199.75,
speech_segment,6200.78,6205.21,
speech_segment,6205.13,6206.44,
speech_segment,6207.10,6208.10,
speech_segment,6210.35,6211.45,
speech_segment,6211.46,6215.42,
speech_segment,6215.42,6219.46,
speech_segment,6219.49,6220.50,
speech_segment,6220.86,6224.82,
speech_segment,6224.88,6229.20,
speech_segment,6229.30,6230.37,
speech_segment,6230.65,6234.36,
speech_segment,6234.83,6238.93,
speech_segment,6239.32,6242.20,
speech_segment,6243.29,6245.80,
speech_segment,6246.27,6249.18,
speech_segment,6250.17,6253.26,
speech_segment,6254.21,6255.40,
speech_segment,6255.45,6258.66,
speech_segment,6258.68,6261.21,
speech_segment,6261.25,6267.08,
speech_segment,6267.04,6270.01,
speech_segment,6269.98,6271.17,
speech_segment,6272.09,6273.37,
speech_segment,6275.72,6278.77,
speech_segment,6279.27,6283.14,
speech_segment,6283.82,6285.52,
speech_segment,6286.47,6287.88,
speech_segment,6288.50,6292.51,
speech_segment,6292.45,6294.86,
speech_segment,6295.07,6300.89,
speech_segment,6301.17,6303.14,
speech_segment,6303.30,6309.07,
speech_segment,6309.26,6313.88,
speech_segment,6320.03,6324.84,
speech_segment,6325.18,6326.95,
speech_segment,6328.94,6330.93,
speech_segment,6331.50,6335.29,
speech_segment,6335.89,6337.41,
speech_segment,6337.49,6339.30,
speech_segment,6340.57,6344.23,
speech_segment,6344.48,6347.31,
speech_segment,6347.40,6349.61,
speech_segment,6350.36,6351.73,
speech_segment,6356.23,6357.96,
speech_segment,6358.57,6360.88,
speech_segment,6361.43,6363.84,
speech_segment,6365.01,6371.89,
speech_segment,6372.12,6377.31,
speech_segment,6378.11,6384.87,
speech_segment,6385.23,6387.22,
speech_segment,6387.35,6390.03,
speech_segment,6391.57,6394.42,
speech_segment,6396.11,6399.04,
speech_segment,6399.89,6400.79,
speech_segment,6401.72,6405.48,
speech_segment,6405.62,6409.46,
speech_segment,6409.99,6414.56,
speech_segment,6421.62,6427.28,
speech_segment,6427.24,6430.03,
speech_segment,6430.69,6431.61,
speech_segment,6431.77,6432.99,
speech_segment,6434.28,6438.91,
speech_segment,6439.18,6444.54,
speech_segment,6446.86,6453.55,
speech_segment,6453.46,6457.30,
speech_segment,6459.25,6460.57,
speech_segment,6461.08,6463.00,
speech_segment,6463.12,6464.05,
speech_segment,6464.27,6465.99,
speech_segment,6466.72,6467.48,
speech_segment,6467.97,6469.44,
speech_segment,6469.66,6478.60,
speech_segment,6480.09,6483.63,
speech_segment,6483.81,6486.44,
speech_segment,6486.81,6488.56,
speech_segment,6489.09,6491.96,
speech_segment,6492.12,6494.39,
speech_segment,6494.52,6496.51,
speech_segment,6498.65,6500.47,
speech_segment,6500.43,6502.79,
speech_segment,6503.01,6504.02,
speech_segment,6504.80,6507.49,
speech_segment,6508.01,6511.03,
speech_segment,6512.32,6519.10,
speech_segment,6519.03,6520.35,
speech_segment,6520.93,6523.69,
speech_segment,6523.67,6525.49,
speech_segment,6525.70,6527.14,
speech_segment,6528.10,6531.82,
speech_segment,6531.88,6535.87,
speech_segment,6536.08,6540.33,
speech_segment,6542.43,6545.73,
speech_segment,6546.10,6551.41,
speech_segment,6552.47,6556.63,
speech_segment,6560.76,6563.35,
speech_segment,6565.61,6567.31,
speech_segment,6567.75,6574.88,
speech_segment,6574.96,6576.61,
speech_segment,6576.58,6579.31,
speech_segment,6581.29,6585.15,
speech_segment,6585.34,6592.49,
speech_segment,6594.12,6594.77,
speech_segment,6596.85,6601.70,
speech_segment,6601.64,6605.11,
speech_segment,6608.24,6614.19,
speech_segment,6614.41,6617.70,
speech_segment,6617.98,6619.55,
speech_segment,6621.23,6623.99,
speech_segment,6624.05,6626.44,
speech_segment,6626.81,6629.16,
speech_segment,6629.45,6633.41,
speech_segment,6633.32,6634.70,
speech_segment,6634.67,6637.16,
speech_segment,6638.59,6639.38,
speech_segment,6639.68,6642.60,
speech_segment,6643.55,6644.62,
speech_segment,6645.48,6650.50,
speech_segment,6652.47,6655.27,
speech_segment,6657.31,6659.60,
speech_segment,6659.89,6661.58,
speech_segment,6661.93,6663.78,
speech_segment,6665.83,6670.40,
speech_segment,6671.13,6675.50,
speech_segment,6677.20,6681.30,
speech_segment,6681.61,6688.10,
speech_segment,6688.72,6695.62,
speech_segment,6695.92,6704.11,
speech_segment,6704.65,6706.31,
speech_segment,6706.25,6712.06,
speech_segment,6712.02,6716.85,
speech_segment,6717.03,6718.54,
speech_segment,6719.40,6727.97,
speech_segment,6728.50,6734.21,
speech_segment,6734.64,6735.50,
speech_segment,6736.01,6737.70,
speech_segment,6738.99,6742.08,
speech_segment,6742.03,6742.88,
speech_segment,6743.18,6747.44,
speech_segment,6748.12,6748.97,
speech_segment,6748.91,6752.36,
speech_segment,6754.88,6755.95,
speech_segment,6756.46,6758.10,
speech_segment,6758.48,6759.78,
speech_segment,6759.85,6763.82,
speech_segment,6763.84,6767.25,
speech_segment,6768.64,6782.82,
speech_segment,6783.38,6790.25,
speech_segment,6791.77,6793.20,
speech_segment,6793.33,6801.71,
speech_segment,6801.63,6812.63,
speech_segment,6812.56,6816.36,
speech_segment,6816.40,6822.88,
speech_segment,6830.00,6834.12,
speech_segment,6834.26,6840.40,
speech_segment,6840.33,6845.90,
speech_segment,6845.81,6846.94,
speech_segment,6846.95,6849.70,
speech_segment,6849.61,6863.56,
speech_segment,6863.48,6867.22,
speech_segment,6867.16,6870.83,
speech_segment,6871.13,6873.14,
speech_segment,6873.09,6886.36,
speech_segment,6887.31,6890.81,
speech_segment,6891.59,6892.73,
speech_segment,6893.59,6895.58,
speech_segment,6897.51,6905.02,
speech_segment,6905.36,6911.26,
speech_segment,6911.54,6912.92,
speech_segment,6913.02,6914.39,
speech_segment,6914.55,6917.75,
speech_segment,6917.79,6919.76,
speech_segment,6919.77,6923.67,
speech_segment,6924.02,6929.23,
speech_segment,6929.42,6930.83,
speech_segment,6935.03,6939.36,
speech_segment,6939.82,6947.62,
speech_segment,6948.42,6954.54,
speech_segment,6955.52,6957.29,
speech_segment,6957.51,6964.12,
speech_segment,6964.11,6965.37,
speech_segment,6965.76,6967.43,
speech_segment,6968.44,6969.59,
speech_segment,6970.06,6972.29,
speech_segment,6972.89,6975.42,
speech_segment,6977.85,6981.12,
speech_segment,6984.49,6990.77,
speech_segment,6991.09,6993.66,
speech_segment,6994.14,6997.00,
speech_segment,6997.33,6998.42,
speech_segment,6999.98,7002.10,
speech_segment,7011.46,7012.92,
speech_segment,7015.60,7017.89,
speech_segment,7017.96,7021.29,
speech_segment,7021.73,7023.16,
speech_segment,7024.39,7028.09,
speech_segment,7028.11,7029.40,
speech_segment,7031.67,7034.87,
speech_segment,7035.68,7039.44,
speech_segment,7040.53,7045.88,
speech_segment,7045.81,7047.12,
speech_segment,7047.16,7049.84,
speech_segment,7049.86,7052.91,
speech_segment,7053.05,7055.81,
speech_segment,7055.90,7058.81,
speech_segment,7058.97,7060.02,
speech_segment,7060.03,7061.14,
speech_segment,7061.11,7062.88,
speech_segment,7062.88,7065.53,
speech_segment,7065.50,7067.92,
speech_segment,7067.96,7075.98,
speech_segment,7076.74,7081.26,
speech_segment,7081.32,7082.37,
speech_segment,7083.17,7085.92,
speech_segment,7086.60,7091.13,
speech_segment,7091.15,7094.25,
speech_segment,7095.10,7096.71,
speech_segment,7097.02,7098.16,
speech_segment,7098.71,7100.66,
speech_segment,7103.25,7104.61,
speech_segment,7104.93,7108.74,
speech_segment,7108.70,7111.89,
speech_segment,7111.95,7115.81,
speech_segment,7116.80,7121.94,
speech_segment,7121.91,7125.89,
speech_segment,7125.82,7130.21,
speech_segment,7130.28,7132.05,
speech_segment,7132.13,7133.89,
speech_segment,7136.10,7142.72,
speech_segment,7143.03,7144.42,
speech_segment,7144.47,7145.86,
speech_segment,7146.78,7152.22,
speech_segment,7152.65,7156.47,
speech_segment,7158.73,7163.63,
speech_segment,7163.58,7168.85,
speech_segment,7168.85,7173.03,
speech_segment,7174.37,7178.48,
speech_segment,7179.12,7181.25,
speech_segment,7183.17,7184.44,
speech_segment,7184.97,7195.94,
speech_segment,7195.86,7200.67,
speech_segment,7200.70,7203.06,
speech_segment,7203.18,7206.99,
speech_segment,7207.31,7212.81,
speech_segment,7215.43,7219.17,
speech_segment,7219.39,7226.19,
speech_segment,7227.54,7232.48,
speech_segment,7232.48,7237.88,
speech_segment,7237.95,7241.36,
speech_segment,7241.82,7245.46,
speech_segment,7245.69,7247.78,
speech_segment,7247.77,7249.16,
speech_segment,7249.29,7250.25,
speech_segment,7250.17,7251.21,
speech_segment,7251.40,7261.07,
speech_segment,7261.03,7262.97,
speech_segment,7263.62,7267.41,
speech_segment,7267.41,7268.48,
speech_segment,7268.72,7272.65,
speech_segment,7272.59,7276.37,
speech_segment,7276.57,7277.83,
speech_segment,7277.78,7280.54,
speech_segment,7281.14,7284.32,
speech_segment,7284.88,7285.89,
speech_segment,7286.01,7288.33,
speech_segment,7288.65,7293.27,
speech_segment,7293.19,7295.94,
speech_segment,7306.32,7306.86,
speech_segment,7327.40,7328.44,
speech_segment,7328.90,7338.10,
speech_segment,7339.47,7345.95,
speech_segment,7346.15,7347.01,
speech_segment,7346.98,7348.19,
speech_segment,7349.74,7351.52,
speech_segment,7352.41,7354.86,
speech_segment,7355.82,7359.48,
speech_segment,7361.63,7363.46,
speech_segment,7364.00,7368.73,
speech_segment,7368.72,7371.90,
speech_segment,7372.35,7374.24,
speech_segment,7374.94,7377.15,
speech_segment,7378.65,7386.24,
speech_segment,7386.27,7393.20,
speech_segment,7393.11,7397.06,
speech_segment,7397.18,7398.05,
speech_segment,7398.13,7405.41,
speech_segment,7405.38,7412.08,
speech_segment,7412.10,7418.91,
speech_segment,7418.86,7424.42,
speech_segment,7426.12,7428.12,
speech_segment,7429.16,7430.45,
speech_segment,7430.53,7435.54,
speech_segment,7435.79,7441.69,
speech_segment,7441.69,7445.39,
speech_segment,7445.32,7449.88,
speech_segment,7450.69,7453.33,
speech_segment,7453.43,7455.87,
speech_segment,7455.98,7459.86,
speech_segment,7459.87,7466.23,
speech_segment,7466.22,7470.35,
speech_segment,7470.35,7476.22,
speech_segment,7476.34,7477.76,
speech_segment,7477.76,7480.06,
speech_segment,7480.07,7482.47,
speech_segment,7483.53,7485.44,
speech_segment,7485.53,7490.53,
speech_segment,7491.22,7497.01,
speech_segment,7497.10,7498.62,
speech_segment,7498.53,7501.63,
speech_segment,7501.56,7510.45,
speech_segment,7510.54,7512.70,
speech_segment,7512.68,7513.94,
speech_segment,7515.14,7518.28,
speech_segment,7518.33,7520.27,
speech_segment,7520.66,7526.33,
speech_segment,7526.27,7529.47,
speech_segment,7529.72,7532.04,
speech_segment,7531.96,7538.61,
speech_segment,7538.53,7539.89,
speech_segment,7539.86,7540.84,
speech_segment,7541.26,7545.03,
speech_segment,7545.05,7546.97,
speech_segment,7546.92,7547.86,
speech_segment,7547.96,7549.57,
speech_segment,7549.57,7551.80,
speech_segment,7551.94,7552.81,
speech_segment,7553.08,7556.97,
speech_segment,7557.01,7558.41,
speech_segment,7558.70,7560.66,
speech_segment,7561.03,7577.65,
speech_segment,7578.95,7586.08,
speech_segment,7586.21,7590.91,
speech_segment,7590.87,7599.27,
speech_segment,7600.02,7605.96,
speech_segment,7606.19,7611.34,
speech_segment,7611.64,7613.50,
speech_segment,7614.46,7616.98,
speech_segment,7617.11,7620.55,
speech_segment,7620.68,7622.12,
speech_segment,7622.05,7625.01,
speech_segment,7625.52,7627.35,
speech_segment,7635.99,7636.53,
speech_segment,7691.51,7694.58,
speech_segment,7694.66,7701.02,
speech_segment,7701.68,7704.29,
speech_segment,7704.80,7708.54,
speech_segment,7708.66,7709.54,
speech_segment,7709.88,7711.26,
speech_segment,7711.39,7714.22,
speech_segment,7714.74,7715.66,
speech_segment,7716.27,7717.90,
speech_segment,7718.00,7719.07,
speech_segment,7719.73,7725.64,
speech_segment,7728.02,7734.11,
speech_segment,7735.04,7739.04,
speech_segment,7743.26,7745.99,
speech_segment,7756.18,7760.50,
speech_segment,7761.13,7763.94,
speech_segment,7778.70,7783.27,
speech_segment,7783.75,7786.85,
speech_segment,7790.36,7795.27,
speech_segment,7795.28,7797.89,
speech_segment,7798.29,7801.07,
speech_segment,7801.37,7805.62,
speech_segment,7805.83,7807.95,
speech_segment,7807.96,7811.35,
speech_segment,7816.39,7817.34,
speech_segment,7817.34,7824.07,
speech_segment,7824.20,7825.02,
speech_segment,7825.29,7833.96,
speech_segment,7833.94,7835.53,
speech_segment,7835.46,7836.74,
speech_segment,7837.15,7838.19,
speech_segment,7838.13,7840.28,
speech_segment,7840.30,7841.23,
speech_segment,7841.17,7847.26,
speech_segment,7847.22,7849.78,
speech_segment,7849.69,7858.23,
speech_segment,7858.15,7859.45,
speech_segment,7859.75,7866.13,
speech_segment,7866.06,7867.76,
speech_segment,7868.07,7874.27,
speech_segment,7874.18,7879.45,
speech_segment,7881.41,7883.43,
speech_segment,7892.06,7898.10,
speech_segment,7903.79,7905.18,
speech_segment,7905.24,7906.82,
speech_segment,7907.54,7915.80,
speech_segment,7922.40,7927.79,
speech_segment,7929.90,7930.79,
speech_segment,7931.36,7938.29,
speech_segment,7940.55,7945.44,
speech_segment,7947.40,7949.90,
speech_segment,7951.59,7952.70,
speech_segment,7952.61,7953.99,
speech_segment,7953.98,7955.92,
speech_segment,7956.02,7958.66,
speech_segment,7958.63,7961.16,
speech_segment,7961.45,7962.33,
speech_segment,7962.35,7973.26,
speech_segment,7974.09,7975.92,
speech_segment,7975.94,7976.97,
speech_segment,7977.69,7984.17,
speech_segment,7984.40,7985.56,
speech_segment,7985.71,7991.79,
speech_segment,7991.71,7996.07,
speech_segment,7997.55,8000.11,
speech_segment,8000.34,8006.52,
speech_segment,8006.74,8013.44,
speech_segment,8013.65,8015.13,
speech_segment,8015.41,8017.91,
speech_segment,8017.95,8024.52,
speech_segment,8024.43,8028.93,
speech_segment,8028.91,8032.94,
speech_segment,8033.55,8039.19,
speech_segment,8039.64,8043.01,
speech_segment,8044.31,8046.10,
speech_segment,8046.24,8052.58,
speech_segment,8052.51,8056.22,
speech_segment,8056.27,8059.69,
speech_segment,8059.61,8063.32,
speech_segment,8063.30,8067.05,
speech_segment,8069.13,8076.21,
speech_segment,8076.22,8089.35,
speech_segment,8089.25,8090.94,
speech_segment,8091.04,8097.36,
speech_segment,8097.30,8098.93,
speech_segment,8098.91,8104.05,
speech_segment,8104.06,8112.60,
speech_segment,8112.54,8117.19,
announcer_peak,1210.18,,515.259
announcer_peak,2139.50,,928.841
announcer_peak,3249.35,,598.529
announcer_peak,3551.31,,515.242
announcer_peak,3733.53,,598.522
announcer_peak,4215.99,,651.167
announcer_peak,4411.37,,763.600
announcer_peak,5860.49,,536.721
announcer_peak,6109.33,,524.911
announcer_peak,6733.02,,554.753
announcer_peak,7276.87,,577.015
announcer_peak,7838.47,,932.348
crowd_peak,24.69,,870.481
crowd_peak,34.03,,870.481
crowd_peak,50.58,,870.481
crowd_peak,61.87,,870.481
crowd_peak,74.67,,870.481
crowd_peak,87.06,,870.481
crowd_peak,103.10,,870.481
crowd_peak,114.25,,870.481
crowd_peak,121.64,,870.481
crowd_peak,138.84,,870.481
